Phenotypes,t-stat,p-value
Phenotype_A,-218.11842571853606,0
Phenotype_B,172.2254756774737,0
Phenotype_C,121.87816522107006,0
Phenotype_D,-87.88808314832981,0
Phenotype_E,-729.6582694913491,0
